branch,title,description_html
Поднятие MMR,Dota 2 — Быстрый буст рейтинга,"🏆 <b>Dota 2 — Быстрый буст рейтинга</b>
🎯 Ветка: <b>Поднятие MMR</b>
• От 1 до 1000+ MMR по вашему заказу
• Играем аккуратно, с высоким винрейтом
• Ежедневный отчёт по прогрессу

✅ Гарантия: безопасно, быстро, без передачи аккаунта
📩 Напишите желаемый MMR и текущий рейтинг — стартуем сразу!"
Калибровка,Dota 2 — Калибровка аккаунта под ключ,"📊 <b>Dota 2 — Калибровка аккаунта под ключ</b>
🎯 Ветка: <b>Калибровка</b>
• Поможем выйти на максимум по калибровочным играм
• Индивидуальная стратегия под ваш пул героев
• Советы по закреплению результата

✅ Гарантия: безопасно, быстро, без передачи аккаунта
📩 Отправьте текущий скрытый рейтинг и желаемый результат."
Порядочность,Dota 2 — Поднятие порядочности,"🛡️ <b>Dota 2 — Поднятие порядочности</b>
🎯 Ветка: <b>Порядочность</b>
• Поднимем Behaviour Score и Communication Score
• Мягкий режим без токсичности и репортов
• Работаем до согласованного результата

✅ Гарантия: безопасно, быстро, без передачи аккаунта
📩 Напишите текущую порядочность — рассчитаем сроки и цену."
Ролевой рейтинг,Dota 2 — Ролевой буст (Core/Support),"🎮 <b>Dota 2 — Ролевой буст (Core/Support)</b>
🎯 Ветка: <b>Ролевой рейтинг</b>
• Поднимаем рейтинг на нужной роли
• Гибкий выбор позиции: 1/2/3/4/5
• Сохраняем стиль игры и статистику

✅ Гарантия: безопасно, быстро, без передачи аккаунта
📩 Укажите роль и диапазон MMR для буста."
Обучение,Dota 2 — Персональный коучинг,"🧠 <b>Dota 2 — Персональный коучинг</b>
🎯 Ветка: <b>Обучение</b>
• Разбор реплеев и ошибок по таймингам
• План роста по микро и макро-игре
• Практика в пати + домашние задания

✅ Гарантия: безопасно, быстро, без передачи аккаунта
📩 Пришлите ваш Dotabuff/ID матча — подготовим план прокачки."
